[
    {
        "Name": "Polina",
        "Surname": "Isacova",
        "City": "Kiev",
        "Number": "0971867838"
    },
    {
        "Name": "Oksana",
        "Surname": "Homneko",
        "City": "Kiev",
        "Number": "0963455167"
    },
    {
        "Name": "Illja",
        "Surname": "Homenko",
        "City": "Kiev",
        "Number": "0970039685"
    },
    {
        "Name": "Test",
        "Surname": "Test",
        "City": "Test",
        "Number": "Test"
    }
]